{"cameraMode":{"drawMode":0,"name":"Shaded","section":"Shading Mode"},"sceneLighting":true,"audioPlay":false,"sceneViewState":{"showFog":true,"showMaterialUpdate":false,"showSkybox":true,"showFlares":true,"showImageEffects":true,"showParticleSystems":true},"in2DMode":false,"pivot":{"x":47.194091796875,"y":3.0715627670288088,"z":45.55696487426758},"rotation":{"x":0.1152026578783989,"y":-0.34047284722328188,"z":-0.042264558374881747,"w":-0.9323813915252686},"size":0.11828621476888657,"orthographic":false}