{"cameraMode":{"drawMode":2,"name":"Shaded Wireframe","section":"Shading Mode"},"sceneLighting":false,"audioPlay":false,"sceneViewState":{"showFog":true,"showMaterialUpdate":false,"showSkybox":false,"showFlares":true,"showImageEffects":true,"showParticleSystems":true},"in2DMode":false,"pivot":{"x":9.5367431640625e-7,"y":25.796092987060548,"z":17.391271591186525},"rotation":{"x":0.0017684445483610035,"y":-0.9945127964019775,"z":0.1033010482788086,"w":0.01700052246451378},"size":209.65773010253907,"orthographic":false}