{"cameraMode":{"drawMode":0,"name":"Shaded","section":"Shading Mode"},"sceneLighting":false,"audioPlay":false,"sceneViewState":{"showFog":true,"showMaterialUpdate":false,"showSkybox":true,"showFlares":true,"showImageEffects":true,"showParticleSystems":true},"in2DMode":false,"pivot":{"x":31.30000114440918,"y":3.0399999618530275,"z":40.19999694824219},"rotation":{"x":0.09373103082180023,"y":0.6186041831970215,"z":-0.07447902858257294,"w":0.7766168713569641},"size":15.625896453857422,"orthographic":false}