{"cameraMode":{"drawMode":0,"name":"Shaded","section":"Shading Mode"},"sceneLighting":true,"audioPlay":false,"sceneViewState":{"showFog":true,"showMaterialUpdate":false,"showSkybox":true,"showFlares":true,"showImageEffects":true,"showParticleSystems":true},"in2DMode":false,"pivot":{"x":30.263912200927736,"y":3.34368896484375,"z":37.02000045776367},"rotation":{"x":0.24230025708675385,"y":0.25041645765304568,"z":-0.06479313969612122,"w":0.9351804852485657},"size":23.574951171875,"orthographic":false}