{"cameraMode":{"drawMode":0,"name":"Shaded","section":"Shading Mode"},"sceneLighting":true,"audioPlay":false,"sceneViewState":{"showFog":true,"showMaterialUpdate":false,"showSkybox":true,"showFlares":true,"showImageEffects":true,"showParticleSystems":true},"in2DMode":false,"pivot":{"x":47.22840118408203,"y":3.2092838287353517,"z":45.764644622802737},"rotation":{"x":-0.046318419277668,"y":-0.511480450630188,"z":0.02772289514541626,"w":-0.8577944040298462},"size":8.738008499145508,"orthographic":false}