{"cameraMode":{"drawMode":0,"name":"Shaded","section":"Shading Mode"},"sceneLighting":true,"audioPlay":false,"sceneViewState":{"showFog":true,"showMaterialUpdate":false,"showSkybox":true,"showFlares":true,"showImageEffects":true,"showParticleSystems":true},"in2DMode":false,"pivot":{"x":34.80718231201172,"y":15.263617515563965,"z":39.28369140625},"rotation":{"x":-0.15850350260734559,"y":-0.1276523321866989,"z":0.020596642047166826,"w":-0.9790217876434326},"size":7.608874320983887,"orthographic":false}