{"cameraMode":{"drawMode":0,"name":"Shaded","section":"Shading Mode"},"sceneLighting":false,"audioPlay":false,"sceneViewState":{"showFog":true,"showMaterialUpdate":false,"showSkybox":false,"showFlares":true,"showImageEffects":true,"showParticleSystems":true},"in2DMode":false,"pivot":{"x":29.955928802490236,"y":3.0829999446868898,"z":25.071807861328126},"rotation":{"x":-0.06802763789892197,"y":0.7195539474487305,"z":-0.07171949744224549,"w":-0.6875590682029724},"size":0.382538378238678,"orthographic":false}